"search-number","evaluation","evals-requested-so-far","grid-size-x*","grid-size-y*","speed-limit*","num-cars*","ticks-per-cycle*","current-auto?*","power?*","random-seed","min-result","max-result","mean-result","stdev-result","final-step-result"
"1","1","500","5","5","2.6000000000000005","200","20","true","true","""-1889460941""","49","200","123.38922155688623","13.581391813537168","137"
"1","2","500","5","5","2.6000000000000005","200","20","true","true","""1603278699""","57","200","128.63473053892216","11.702662576407374","136"
"1","3","500","5","5","2.6000000000000005","200","20","true","true","""-1331791057""","70","200","134.2375249500998","11.532799706137117","137"
"1","4","500","5","5","2.6000000000000005","200","20","true","true","""963485858""","56","200","137.44111776447104","15.872965253792502","128"
"1","5","500","5","5","2.6000000000000005","200","20","true","true","""-1991754539""","65","200","123.7125748502994","11.396719771797772","125"
"1","6","500","5","5","2.6000000000000005","200","20","true","true","""1640575098""","67","200","133.0998003992016","20.817733305047398","157"
"1","7","500","5","5","2.6000000000000005","200","20","true","true","""448812162""","65","200","146.72055888223554","21.737565560269754","120"
"1","8","500","5","5","2.6000000000000005","200","20","true","true","""-1165046919""","59","200","138.60279441117765","17.93499127893985","154"
"1","9","500","5","5","2.6000000000000005","200","20","true","true","""2063871002""","72","200","134.88023952095807","12.19662366159238","141"
"1","10","500","5","5","2.6000000000000005","200","20","true","true","""-1325066692""","62","200","130.80239520958085","12.082999389700264","147"
"1","11","500","5","5","0.8","200","20","true","false","""-1902259040""","43","200","157.83632734530937","31.590523225876282","185"
"1","12","500","5","5","0.8","200","20","true","false","""-395831603""","53","200","155.81437125748502","27.549146503183955","200"
"1","13","500","5","5","0.8","200","20","true","false","""155246315""","41","200","158.79041916167665","28.515223794035947","200"
"1","14","500","5","5","0.8","200","20","true","false","""1686207264""","42","200","164.23353293413174","43.53917033308495","200"
"1","15","500","5","5","0.8","200","20","true","false","""-1026054359""","48","200","163.4870259481038","26.928764014290067","176"
"1","16","500","5","5","0.8","200","20","true","false","""-844160771""","60","200","169.91816367265469","34.91090502151378","200"
"1","17","500","5","5","0.8","200","20","true","false","""1199803657""","44","200","151.0938123752495","22.549083831427158","174"
"1","18","500","5","5","0.8","200","20","true","false","""-915629533""","42","200","156.6427145708583","31.3400397545435","167"
"1","19","500","5","5","0.8","200","20","true","false","""419422352""","49","200","157.62874251497007","30.43566809215083","200"
"1","20","500","5","5","0.8","200","20","true","false","""1162377390""","49","200","178.87624750499003","34.45165677715085","200"
"1","21","500","5","5","0.8","200","20","true","true","""-1897434434""","65","200","135.6127744510978","11.701869785937026","121"
"1","22","500","5","5","0.8","200","20","true","true","""-1076934519""","67","200","121.18962075848303","9.012323343949028","124"
"1","23","500","5","5","0.8","200","20","true","true","""1745231394""","58","200","128.0558882235529","10.864661534510907","139"
"1","24","500","5","5","0.8","200","20","true","true","""512404174""","61","200","120.17764471057885","8.993907895988084","133"
"1","25","500","5","5","0.8","200","20","true","true","""-1466051533""","59","200","118.54690618762476","12.021659428264563","125"
"1","26","500","5","5","0.8","200","20","true","true","""721568968""","61","200","115.60079840319361","9.040814087308593","120"
"1","27","500","5","5","0.8","200","20","true","true","""254068293""","67","200","125.82634730538922","13.126148880427102","150"
"1","28","500","5","5","0.8","200","20","true","true","""-2033393767""","64","200","130.70259481037925","11.747568823100925","146"
"1","29","500","5","5","0.8","200","20","true","true","""-374942782""","70","200","129.3992015968064","9.582083247461242","141"
"1","30","500","5","5","0.8","200","20","true","true","""-1548370598""","57","200","121.37524950099801","11.350546514931553","129"
"1","31","500","5","5","1.4000000000000001","200","20","true","false","""410047925""","52","200","182.30938123752495","32.12460259390553","200"
"1","32","500","5","5","1.4000000000000001","200","20","true","false","""-689825660""","45","200","179.72055888223554","37.75936647359211","200"
"1","33","500","5","5","1.4000000000000001","200","20","true","false","""1306156280""","43","200","169.08582834331338","34.82680890869082","200"
"1","34","500","5","5","1.4000000000000001","200","20","true","false","""-615689835""","56","200","160.97804391217565","36.35064672005257","200"
"1","35","500","5","5","1.4000000000000001","200","20","true","false","""-647185187""","48","200","170.53892215568862","40.12496706585512","200"
"1","36","500","5","5","1.4000000000000001","200","20","true","false","""-676332411""","66","200","179.63273453093814","32.352138203021326","200"
"1","37","500","5","5","1.4000000000000001","200","20","true","false","""1698732992""","54","200","173.9001996007984","33.72153644127244","200"
"1","38","500","5","5","1.4000000000000001","200","20","true","false","""-1875441680""","38","200","172.00598802395209","29.597870938157815","200"
"1","39","500","5","5","1.4000000000000001","200","20","true","false","""-884317769""","48","200","178.2554890219561","36.298961346165285","200"
"1","40","500","5","5","1.4000000000000001","200","20","true","false","""-588209044""","52","200","176.58283433133732","26.823788411604045","200"
"1","41","500","5","5","0.8","200","20","true","false","""1584768089""","44","200","160.48303393213573","26.972174765429067","197"
"1","42","500","5","5","0.8","200","20","true","false","""-1814199830""","56","200","167.49500998003992","37.829967949363635","200"
"1","43","500","5","5","0.8","200","20","true","false","""1118534488""","60","200","145.7185628742515","22.604836534037105","191"
"1","44","500","5","5","0.8","200","20","true","false","""168311529""","67","200","181.4131736526946","31.33654330183487","200"
"1","45","500","5","5","0.8","200","20","true","false","""2086664805""","43","200","161.67265469061877","28.84802646176198","200"
"1","46","500","5","5","0.8","200","20","true","false","""1575242203""","42","200","169.06187624750498","30.43876087610417","200"
"1","47","500","5","5","0.8","200","20","true","false","""-1484235972""","45","200","147.49500998003992","28.00754318125563","160"
"1","48","500","5","5","0.8","200","20","true","false","""853418202""","42","200","158.499001996008","28.460613117113184","191"
"1","49","500","5","5","0.8","200","20","true","false","""384422261""","64","200","178.1676646706587","29.592428631920882","200"
"1","50","500","5","5","0.8","200","20","true","false","""1622342295""","45","200","166.20159680638722","31.779510339920563","200"
"1","51","500","5","5","2","200","20","true","false","""1916350047""","35","200","180.1437125748503","37.39956290371838","200"
"1","52","500","5","5","2","200","20","true","false","""-1324990414""","43","200","176.08383233532933","30.0690032771927","200"
"1","53","500","5","5","2","200","20","true","false","""1977715373""","55","200","173.8562874251497","32.047578775770575","200"
"1","54","500","5","5","2","200","20","true","false","""495172579""","51","200","186.93413173652695","29.216119740558003","200"
"1","55","500","5","5","2","200","20","true","false","""223439472""","46","200","179.28343313373253","33.578676343626555","200"
"1","56","500","5","5","2","200","20","true","false","""1716007931""","57","200","174.33932135728543","30.91693113390364","200"
"1","57","500","5","5","2","200","20","true","false","""2029055958""","44","200","167.43313373253494","38.33721455661701","200"
"1","58","500","5","5","2","200","20","true","false","""1732298410""","48","200","161.4111776447106","28.326358657801002","170"
"1","59","500","5","5","2","200","20","true","false","""-1512556225""","54","200","146.14770459081836","32.46484467420964","200"
"1","60","500","5","5","2","200","20","true","false","""355575065""","50","200","178.30938123752495","29.564135228624096","200"
"1","61","500","5","5","4.6000000000000005","200","20","true","false","""-896781206""","43","200","182.16566866267465","31.0329904940209","200"
"1","62","500","5","5","4.6000000000000005","200","20","true","false","""1894557314""","47","200","164.79041916167665","34.679359683015306","200"
"1","63","500","5","5","4.6000000000000005","200","20","true","false","""1529211770""","47","200","172.0678642714571","28.143194296837535","200"
"1","64","500","5","5","4.6000000000000005","200","20","true","false","""-259433346""","58","200","177.00798403193613","33.42023243676994","200"
"1","65","500","5","5","4.6000000000000005","200","20","true","false","""-1155945365""","41","200","155.57085828343313","35.24516234977331","200"
"1","66","500","5","5","4.6000000000000005","200","20","true","false","""1466640090""","52","200","172.32734530938123","35.98672853620533","200"
"1","67","500","5","5","4.6000000000000005","200","20","true","false","""579692094""","53","200","172.8303393213573","34.404435145554096","200"
"1","68","500","5","5","4.6000000000000005","200","20","true","false","""-2110285729""","54","200","152.81437125748502","33.57742505097574","200"
"1","69","500","5","5","4.6000000000000005","200","20","true","false","""1056305582""","58","200","144.499001996008","31.169191503823082","182"
"1","70","500","5","5","4.6000000000000005","200","20","true","false","""548005440""","48","200","155.09580838323353","36.7255061557389","200"
"1","71","500","5","5","3.6000000000000005","200","20","true","false","""-15313877""","36","200","168.26347305389223","31.881819946699583","200"
"1","72","500","5","5","3.6000000000000005","200","20","true","false","""794513649""","36","200","168.04790419161677","32.82873285094635","200"
"1","73","500","5","5","3.6000000000000005","200","20","true","false","""386681417""","53","200","156.30938123752495","32.73875519650019","200"
"1","74","500","5","5","3.6000000000000005","200","20","true","false","""27829370""","45","200","177.58483033932137","36.24162371391739","200"
"1","75","500","5","5","3.6000000000000005","200","20","true","false","""-1284768729""","40","200","158.91616766467067","32.431604309436125","200"
"1","76","500","5","5","3.6000000000000005","200","20","true","false","""-1651325865""","31","200","131.562874251497","20.242493396865815","132"
"1","77","500","5","5","3.6000000000000005","200","20","true","false","""-1910144199""","53","200","164.88622754491018","36.308911164342454","200"
"1","78","500","5","5","3.6000000000000005","200","20","true","false","""-998764540""","59","200","154.1556886227545","35.55569873557333","200"
"1","79","500","5","5","3.6000000000000005","200","20","true","false","""-229194369""","53","200","179.12175648702595","33.87658698435518","200"
"1","80","500","5","5","3.6000000000000005","200","20","true","false","""1488488182""","56","200","171.437125748503","38.28397235034745","200"
"1","81","500","5","5","1.8","200","20","true","true","""1854233872""","57","200","132.36327345309383","13.287729996619936","143"
"1","82","500","5","5","1.8","200","20","true","true","""-1468957516""","69","200","140.63273453093814","15.384045186731123","157"
"1","83","500","5","5","1.8","200","20","true","true","""1101779707""","60","200","126.29141716566866","14.31373138589741","141"
"1","84","500","5","5","1.8","200","20","true","true","""1407475142""","70","200","131.8303393213573","11.695518700965344","141"
"1","85","500","5","5","1.8","200","20","true","true","""1761667775""","58","200","134.13572854291417","12.168711555385137","136"
"1","86","500","5","5","1.8","200","20","true","true","""-656455629""","74","200","161.06187624750498","22.337550529828796","142"
"1","87","500","5","5","1.8","200","20","true","true","""-1965937594""","55","200","128.58483033932137","9.36841979317522","108"
"1","88","500","5","5","1.8","200","20","true","true","""1201978744""","49","200","127.89021956087825","15.0530370408","164"
"1","89","500","5","5","1.8","200","20","true","true","""1028479656""","53","200","137.94610778443115","13.663202033943561","136"
"1","90","500","5","5","1.8","200","20","true","true","""988848834""","61","200","133.43912175648703","20.02105857409008","148"
"1","91","500","5","5","2.4000000000000004","200","20","true","false","""-248130976""","38","200","162.11776447105788","28.101887904416973","200"
"1","92","500","5","5","2.4000000000000004","200","20","true","false","""1015391647""","50","200","162.11976047904193","31.44807829967545","200"
"1","93","500","5","5","2.4000000000000004","200","20","true","false","""-731075570""","70","200","138.12375249500997","23.197772623478734","117"
"1","94","500","5","5","2.4000000000000004","200","20","true","false","""-1838371159""","39","200","178.89021956087825","37.57767853595641","200"
"1","95","500","5","5","2.4000000000000004","200","20","true","false","""-613300650""","45","200","144.86027944111777","24.901976610738274","195"
"1","96","500","5","5","2.4000000000000004","200","20","true","false","""1010927446""","45","200","163.37724550898204","35.56885437004692","200"
"1","97","500","5","5","2.4000000000000004","200","20","true","false","""-164719517""","64","200","170.99600798403193","36.32178387733638","200"
"1","98","500","5","5","2.4000000000000004","200","20","true","false","""-1760165207""","61","200","160.2375249500998","30.378898417517973","200"
"1","99","500","5","5","2.4000000000000004","200","20","true","false","""978515494""","52","200","175.96606786427145","29.789206876104895","200"
"1","100","500","5","5","2.4000000000000004","200","20","true","false","""-643054462""","45","200","156.37125748502993","39.128121501237125","200"
"1","101","500","5","5","1","200","20","true","true","""-1312188457""","59","200","142.27744510978044","13.05499407351382","136"
"1","102","500","5","5","1","200","20","true","true","""1147953508""","63","200","125.59880239520957","9.38662444986878","133"
"1","103","500","5","5","1","200","20","true","true","""-1629799646""","58","200","118.75249500998004","10.953657780051145","132"
"1","104","500","5","5","1","200","20","true","true","""515904193""","57","200","122.69461077844312","11.286653662543365","125"
"1","105","500","5","5","1","200","20","true","true","""-2076799843""","60","200","125.76646706586827","11.959571618306962","141"
"1","106","500","5","5","1","200","20","true","true","""-941162024""","57","200","123.43313373253493","10.39471115327787","105"
"1","107","500","5","5","1","200","20","true","true","""-711807300""","56","200","130.53493013972056","13.478771362594939","146"
"1","108","500","5","5","1","200","20","true","true","""-1325559415""","61","200","128.32335329341316","13.041136205597047","148"
"1","109","500","5","5","1","200","20","true","true","""-1720098718""","72","200","135.82634730538922","17.830529561152627","166"
"1","110","500","5","5","1","200","20","true","true","""53205530""","65","200","118.71057884231537","11.56036625130325","123"
"1","111","500","5","5","0.2","200","20","true","false","""1859744786""","51","200","118.56087824351297","28.407724062781682","109"
"1","112","500","5","5","0.2","200","20","true","false","""-338753736""","48","200","89.24151696606786","23.7200243021421","130"
"1","113","500","5","5","0.2","200","20","true","false","""-1212843109""","51","200","131.95009980039922","50.54138408265073","183"
"1","114","500","5","5","0.2","200","20","true","false","""-2144302804""","44","200","125.36726546906188","34.98995350536184","140"
"1","115","500","5","5","0.2","200","20","true","false","""1005538362""","38","200","70.87225548902195","10.454264617972644","99"
"1","116","500","5","5","0.2","200","20","true","false","""-407256830""","50","200","100.8003992015968","28.327585139582936","159"
"1","117","500","5","5","0.2","200","20","true","false","""-1107272300""","52","200","91.57085828343314","18.084619682533454","100"
"1","118","500","5","5","0.2","200","20","true","false","""-482848738""","48","200","114.28542914171656","21.458340272851235","135"
"1","119","500","5","5","0.2","200","20","true","false","""-157232853""","48","200","88.10179640718563","19.473151177107088","120"
"1","120","500","5","5","0.2","200","20","true","false","""-1709111153""","48","200","79.00798403193613","14.161212381987093","85"
"1","121","500","5","5","2.8000000000000003","200","20","true","true","""374632978""","71","200","132.31536926147706","15.046339864344864","133"
"1","122","500","5","5","2.8000000000000003","200","20","true","true","""-156522539""","51","200","150.17165668662673","24.874856281994884","183"
"1","123","500","5","5","2.8000000000000003","200","20","true","true","""-1822485549""","60","200","139.82235528942115","18.55107488102824","142"
"1","124","500","5","5","2.8000000000000003","200","20","true","true","""-870225232""","59","200","127.42714570858283","13.866981706078885","152"
"1","125","500","5","5","2.8000000000000003","200","20","true","true","""1594749983""","51","200","130.74650698602795","11.780051475882914","135"
"1","126","500","5","5","2.8000000000000003","200","20","true","true","""-1787324690""","62","200","130.26347305389223","10.174597933764872","132"
"1","127","500","5","5","2.8000000000000003","200","20","true","true","""1182125002""","70","200","134.04590818363275","10.626188791074298","143"
"1","128","500","5","5","2.8000000000000003","200","20","true","true","""-1857994089""","44","200","124.18163672654691","12.580816432798308","132"
"1","129","500","5","5","2.8000000000000003","200","20","true","true","""2037128457""","65","200","131.57884231536926","13.190613005356724","136"
"1","130","500","5","5","2.8000000000000003","200","20","true","true","""1415524832""","71","200","130.8323353293413","12.085521599638525","137"
"1","131","500","5","5","2.6000000000000005","200","20","true","true","""36874992""","69","200","132.04790419161677","13.545984667007495","142"
"1","132","500","5","5","2.6000000000000005","200","20","true","true","""999772769""","65","200","124.25948103792415","11.401076042643513","151"
"1","133","500","5","5","2.6000000000000005","200","20","true","true","""-1247662768""","48","200","131.77045908183632","12.680426080728614","125"
"1","134","500","5","5","2.6000000000000005","200","20","true","true","""2107191774""","74","200","146.90219560878245","20.16978966597471","186"
"1","135","500","5","5","2.6000000000000005","200","20","true","true","""916921359""","60","200","141.1377245508982","13.476905950995432","157"
"1","136","500","5","5","2.6000000000000005","200","20","true","true","""1077788738""","54","200","140.60279441117765","17.026447432616358","146"
"1","137","500","5","5","2.6000000000000005","200","20","true","true","""1824234536""","53","200","132.07385229540918","16.73775776291853","156"
"1","138","500","5","5","2.6000000000000005","200","20","true","true","""-399158060""","55","200","134.85229540918164","15.658548455095023","140"
"1","139","500","5","5","2.6000000000000005","200","20","true","true","""1475993639""","60","200","132.0439121756487","15.848219706461402","139"
"1","140","500","5","5","2.6000000000000005","200","20","true","true","""-603268956""","55","200","140.56686626746506","26.327590470076803","179"
"1","141","500","5","5","3.2","200","20","true","true","""-1243361081""","56","200","141.53692614770458","24.99986267427354","161"
"1","142","500","5","5","3.2","200","20","true","true","""1280788593""","56","200","136.81636726546907","13.848689886658816","153"
"1","143","500","5","5","3.2","200","20","true","true","""594073091""","68","200","121.2554890219561","9.620529861207206","124"
"1","144","500","5","5","3.2","200","20","true","true","""-1838227570""","68","200","136.60878243512974","16.202550500293793","131"
"1","145","500","5","5","3.2","200","20","true","true","""1678193919""","56","200","143.36127744510978","15.780849709849925","148"
"1","146","500","5","5","3.2","200","20","true","true","""1171811220""","67","200","123.87824351297405","9.936958574361817","126"
"1","147","500","5","5","3.2","200","20","true","true","""-963876129""","59","200","136.6566866267465","18.204776851134454","162"
"1","148","500","5","5","3.2","200","20","true","true","""332339771""","61","200","126.36726546906188","10.891136134829333","135"
"1","149","500","5","5","3.2","200","20","true","true","""-185663451""","59","200","143.92215568862275","21.467462079708262","135"
"1","150","500","5","5","3.2","200","20","true","true","""-313660845""","60","200","134.14970059880238","16.10141437607825","147"
"1","151","500","5","5","3.4000000000000004","200","20","true","true","""-554218927""","61","200","132.26546906187625","14.585862512362471","136"
"1","152","500","5","5","3.4000000000000004","200","20","true","true","""1924978096""","65","200","130.07185628742516","12.176815115099085","171"
"1","153","500","5","5","3.4000000000000004","200","20","true","true","""2045175356""","57","200","143.79640718562874","18.63755528672868","150"
"1","154","500","5","5","3.4000000000000004","200","20","true","true","""-1861651326""","68","200","133.20758483033933","13.353082878320274","136"
"1","155","500","5","5","3.4000000000000004","200","20","true","true","""-1693404990""","48","200","127.88023952095809","11.819205926901985","129"
"1","156","500","5","5","3.4000000000000004","200","20","true","true","""341958669""","63","200","129.1377245508982","12.135031685660152","138"
"1","157","500","5","5","3.4000000000000004","200","20","true","true","""-1289948065""","77","200","144.96207584830339","12.891569294784716","143"
"1","158","500","5","5","3.4000000000000004","200","20","true","true","""-250070426""","62","200","126.23153692614771","11.255500141403479","154"
"1","159","500","5","5","3.4000000000000004","200","20","true","true","""74941601""","59","200","129.12375249500997","16.020382476414813","127"
"1","160","500","5","5","3.4000000000000004","200","20","true","true","""-948213195""","74","200","133.30938123752495","19.229094929724777","167"
"1","161","500","5","5","1","200","20","true","false","""-963976393""","65","200","161.15169660678643","31.110656407664667","200"
"1","162","500","5","5","1","200","20","true","false","""-1737571969""","51","200","181.82834331337327","28.850692800172244","200"
"1","163","500","5","5","1","200","20","true","false","""1618904592""","48","200","176.1317365269461","35.221280652163166","200"
"1","164","500","5","5","1","200","20","true","false","""-1471912481""","60","200","190.15768463073852","24.37500945288741","200"
"1","165","500","5","5","1","200","20","true","false","""-1220102925""","56","200","174.61477045908183","38.98103771575609","200"
"1","166","500","5","5","1","200","20","true","false","""-768749457""","51","200","177.53892215568862","31.584568732783357","200"
"1","167","500","5","5","1","200","20","true","false","""348433926""","43","200","168.10978043912175","35.9414235131511","200"
"1","168","500","5","5","1","200","20","true","false","""-1705917340""","62","200","176.11377245508982","33.30623109780091","200"
"1","169","500","5","5","1","200","20","true","false","""2034331285""","43","200","171.99001996007985","34.303321999474136","200"
"1","170","500","5","5","1","200","20","true","false","""-1551199824""","47","200","174.73852295409182","29.813713170518714","200"
"1","171","500","5","5","2","200","20","true","true","""791534595""","71","200","128.5808383233533","10.434555673137611","140"
"1","172","500","5","5","2","200","20","true","true","""-2022672621""","52","200","128.85429141716565","11.650953890000016","131"
"1","173","500","5","5","2","200","20","true","true","""1133038996""","65","200","134.69461077844312","15.69995385019343","122"
"1","174","500","5","5","2","200","20","true","true","""1065213146""","58","200","129.10778443113773","13.033048733179715","150"
"1","175","500","5","5","2","200","20","true","true","""-247859685""","61","200","126.70459081836327","14.515528198527104","167"
"1","176","500","5","5","2","200","20","true","true","""-751311688""","63","200","143.83632734530937","18.05838192321313","132"
"1","177","500","5","5","2","200","20","true","true","""-696232223""","63","200","131.21556886227546","17.882881119264553","110"
"1","178","500","5","5","2","200","20","true","true","""464255909""","75","200","134.3253493013972","11.886964967044552","146"
"1","179","500","5","5","2","200","20","true","true","""2096432344""","55","200","117.54491017964072","10.258678230742795","132"
"1","180","500","5","5","2","200","20","true","true","""-1356259606""","75","200","137.5249500998004","16.068910238329945","143"
"1","181","500","5","5","2.2","200","20","true","false","""-99383493""","46","200","159.6806387225549","36.74079210348113","200"
"1","182","500","5","5","2.2","200","20","true","false","""685135150""","52","200","164.99600798403193","34.10472084670897","200"
"1","183","500","5","5","2.2","200","20","true","false","""435838096""","39","200","174.25349301397205","34.64698562320323","200"
"1","184","500","5","5","2.2","200","20","true","false","""-1638296235""","41","200","181.69061876247505","32.56799182965344","200"
"1","185","500","5","5","2.2","200","20","true","false","""-1492051361""","46","200","174.7125748502994","35.047356841235434","200"
"1","186","500","5","5","2.2","200","20","true","false","""-174904556""","50","200","187.4550898203593","30.026862624022478","200"
"1","187","500","5","5","2.2","200","20","true","false","""1587648241""","43","200","175.1936127744511","38.079291473473745","200"
"1","188","500","5","5","2.2","200","20","true","false","""-1133127031""","56","200","172.14970059880238","32.351561707438194","200"
"1","189","500","5","5","2.2","200","20","true","false","""907944425""","55","200","174.77245508982037","35.47354112237014","200"
"1","190","500","5","5","2.2","200","20","true","false","""-1161859275""","54","200","178.00798403193613","32.056885939338336","200"
"1","191","500","5","5","1.6","200","20","true","false","""1954888165""","39","200","166.8882235528942","36.33878755597017","200"
"1","192","500","5","5","1.6","200","20","true","false","""-298752958""","48","200","166.14970059880238","28.15804582903761","200"
"1","193","500","5","5","1.6","200","20","true","false","""-284696445""","42","200","180.36726546906186","34.56982566209152","200"
"1","194","500","5","5","1.6","200","20","true","false","""1184899000""","54","200","174.94810379241517","37.60703792373475","200"
"1","195","500","5","5","1.6","200","20","true","false","""-1813574018""","39","200","185.02794411177643","29.98098093066447","200"
"1","196","500","5","5","1.6","200","20","true","false","""1019385937""","39","200","182.24750499001996","33.58586933164715","200"
"1","197","500","5","5","1.6","200","20","true","false","""-1063186155""","39","200","143.1676646706587","23.718512439344277","146"
"1","198","500","5","5","1.6","200","20","true","false","""-973511157""","52","200","167.54690618762476","30.151024782073147","200"
"1","199","500","5","5","1.6","200","20","true","false","""-657650404""","54","200","168.34131736526948","33.2758962232587","200"
"1","200","500","5","5","1.6","200","20","true","false","""-411010412""","47","200","171.93612774451097","31.354870629228504","200"
"1","201","500","5","5","3.2","200","20","true","false","""-1626322289""","45","200","160.9760479041916","22.568549469332336","190"
"1","202","500","5","5","3.2","200","20","true","false","""-860291337""","41","200","154.22954091816368","27.169416732584136","144"
"1","203","500","5","5","3.2","200","20","true","false","""-189134385""","55","200","148.1317365269461","30.9364931881175","200"
"1","204","500","5","5","3.2","200","20","true","false","""990133959""","50","200","183.02195608782435","30.38120334953942","200"
"1","205","500","5","5","3.2","200","20","true","false","""-446928332""","34","200","173.42315369261476","33.05069716109385","200"
"1","206","500","5","5","3.2","200","20","true","false","""-1186673843""","47","200","168.79441117764472","36.07131337645756","200"
"1","207","500","5","5","3.2","200","20","true","false","""-1472855748""","50","200","166.46307385229542","29.278953767724264","200"
"1","208","500","5","5","3.2","200","20","true","false","""1537147963""","32","200","156.70259481037925","25.831635125432776","182"
"1","209","500","5","5","3.2","200","20","true","false","""-633993754""","47","200","150.32335329341316","35.95813167467035","200"
"1","210","500","5","5","3.2","200","20","true","false","""-1344483074""","61","200","182.96207584830339","33.32225320836273","200"
"1","211","500","5","5","3.4000000000000004","200","20","true","false","""1790276525""","52","200","159.6127744510978","34.28833265831138","200"
"1","212","500","5","5","3.4000000000000004","200","20","true","false","""1284878714""","52","200","168.77644710578844","27.292305218718592","200"
"1","213","500","5","5","3.4000000000000004","200","20","true","false","""2070190948""","36","200","163.19760479041915","34.48615481974604","200"
"1","214","500","5","5","3.4000000000000004","200","20","true","false","""1821128074""","57","200","168.96606786427145","36.6261770637804","200"
"1","215","500","5","5","3.4000000000000004","200","20","true","false","""2048567352""","48","200","167.13373253493015","25.315767415591367","200"
"1","216","500","5","5","3.4000000000000004","200","20","true","false","""-1660941492""","60","200","186.688622754491","29.075124252518922","200"
"1","217","500","5","5","3.4000000000000004","200","20","true","false","""1150380390""","50","200","157.89620758483034","30.13478398112087","200"
"1","218","500","5","5","3.4000000000000004","200","20","true","false","""-1678940952""","54","200","178.92215568862275","36.14332480754552","200"
"1","219","500","5","5","3.4000000000000004","200","20","true","false","""-10969564""","52","200","144.3872255489022","22.579321435486627","144"
"1","220","500","5","5","3.4000000000000004","200","20","true","false","""2132585866""","36","200","150.38922155688624","34.072601949261454","200"
"1","221","500","5","5","0.4","200","20","true","true","""1987228368""","60","200","101.63273453093812","6.787992804016916","104"
"1","222","500","5","5","0.4","200","20","true","true","""817304625""","57","200","101.35329341317366","7.202286729347594","101"
"1","223","500","5","5","0.4","200","20","true","true","""1627535763""","51","200","104.12574850299401","7.964556214166788","103"
"1","224","500","5","5","0.4","200","20","true","true","""-455282397""","48","200","102.49700598802396","7.818087427111829","107"
"1","225","500","5","5","0.4","200","20","true","true","""-1555970696""","81","200","108.17365269461078","8.72168472436018","108"
"1","226","500","5","5","0.4","200","20","true","true","""1178910313""","58","200","106.06786427145708","10.582409235591898","114"
"1","227","500","5","5","0.4","200","20","true","true","""-400424210""","57","200","100.04790419161677","7.829540254625573","96"
"1","228","500","5","5","0.4","200","20","true","true","""2124848961""","69","200","106.48902195608783","7.799383260330066","113"
"1","229","500","5","5","0.4","200","20","true","true","""2128779945""","52","200","110.46107784431138","10.993315334144121","111"
"1","230","500","5","5","0.4","200","20","true","true","""1953454421""","61","200","116.54491017964072","9.300348329063594","115"
"1","231","500","5","5","3.8000000000000003","200","20","true","true","""-2004702962""","60","200","130.72055888223554","17.49782147831627","158"
"1","232","500","5","5","3.8000000000000003","200","20","true","true","""222872221""","70","200","127.31137724550898","11.067197038970708","139"
"1","233","500","5","5","3.8000000000000003","200","20","true","true","""1605675286""","61","200","126.57085828343314","13.465566050555628","155"
"1","234","500","5","5","3.8000000000000003","200","20","true","true","""136489550""","63","200","128.85828343313372","13.162745771589773","135"
"1","235","500","5","5","3.8000000000000003","200","20","true","true","""1306462052""","69","200","138.6007984031936","12.512246775111075","143"
"1","236","500","5","5","3.8000000000000003","200","20","true","true","""-413214306""","73","200","129.74650698602795","11.222371085223084","117"
"1","237","500","5","5","3.8000000000000003","200","20","true","true","""-255530222""","62","200","119.7445109780439","11.84561500346772","120"
"1","238","500","5","5","3.8000000000000003","200","20","true","true","""977619098""","72","200","129.28542914171658","11.501494131871274","125"
"1","239","500","5","5","3.8000000000000003","200","20","true","true","""1730184065""","65","200","135.6127744510978","18.29507465103725","130"
"1","240","500","5","5","3.8000000000000003","200","20","true","true","""-2015733903""","77","200","137.33932135728543","13.66691738244308","122"
"1","241","500","5","5","0.8","200","20","true","true","""-759938335""","57","200","125.52894211576846","14.123797671966377","128"
"1","242","500","5","5","0.8","200","20","true","true","""-230947326""","62","200","121.83233532934132","9.387003373565454","130"
"1","243","500","5","5","0.8","200","20","true","true","""415677126""","64","200","127.07584830339322","16.42139566324799","142"
"1","244","500","5","5","0.8","200","20","true","true","""-1997774928""","67","200","119.0998003992016","9.096923653635878","116"
"1","245","500","5","5","0.8","200","20","true","true","""-722403540""","49","200","119.58083832335329","10.126596273961374","116"
"1","246","500","5","5","0.8","200","20","true","true","""621788307""","59","200","135.40518962075848","17.355848956878265","159"
"1","247","500","5","5","0.8","200","20","true","true","""477753383""","59","200","125.3493013972056","12.24890789054184","122"
"1","248","500","5","5","0.8","200","20","true","true","""-1934761538""","67","200","128.0239520958084","10.364913176177627","120"
"1","249","500","5","5","0.8","200","20","true","true","""643350273""","63","200","125.76646706586827","9.866070813318403","138"
"1","250","500","5","5","0.8","200","20","true","true","""54465773""","64","200","132.26147704590818","11.743998169872643","123"
"1","251","500","5","5","1.8","200","20","true","false","""-1529013334""","44","200","166.49500998003992","30.51744542142898","200"
"1","252","500","5","5","1.8","200","20","true","false","""461206582""","41","200","178.6127744510978","35.243293780335236","200"
"1","253","500","5","5","1.8","200","20","true","false","""1496817473""","48","200","139.47105788423153","23.79784991713838","158"
"1","254","500","5","5","1.8","200","20","true","false","""-402459826""","56","200","174.42914171656687","34.23398120379628","200"
"1","255","500","5","5","1.8","200","20","true","false","""116328152""","52","200","178.7185628742515","29.738706002960726","200"
"1","256","500","5","5","1.8","200","20","true","false","""-1785829096""","50","200","163.60479041916167","26.771019722938963","200"
"1","257","500","5","5","1.8","200","20","true","false","""1007600277""","46","200","174.05988023952096","36.91580159207748","200"
"1","258","500","5","5","1.8","200","20","true","false","""-938334784""","45","200","161.2814371257485","34.17423934384709","200"
"1","259","500","5","5","1.8","200","20","true","false","""2072907127""","48","200","174.23952095808383","30.888096655023457","200"
"1","260","500","5","5","1.8","200","20","true","false","""63975440""","53","200","173.12974051896208","36.93823403646306","200"
"1","261","500","5","5","3.2","200","20","true","true","""-1253770770""","76","200","132.60479041916167","11.648154231722206","157"
"1","262","500","5","5","3.2","200","20","true","true","""1501398603""","66","200","134.69660678642714","11.299547268057866","148"
"1","263","500","5","5","3.2","200","20","true","true","""-701410879""","64","200","125.562874251497","9.665326632978097","119"
"1","264","500","5","5","3.2","200","20","true","true","""2112004995""","58","200","145.20958083832335","16.30858632818774","143"
"1","265","500","5","5","3.2","200","20","true","true","""1977839280""","52","200","161.49500998003992","24.161425352199313","178"
"1","266","500","5","5","3.2","200","20","true","true","""466976741""","56","200","137.7125748502994","22.799851349447135","165"
"1","267","500","5","5","3.2","200","20","true","true","""627911294""","57","200","140.85229540918164","14.194863145538196","140"
"1","268","500","5","5","3.2","200","20","true","true","""-1644689191""","68","200","127.38922155688623","11.004281148390124","126"
"1","269","500","5","5","3.2","200","20","true","true","""1199343899""","56","200","136.57884231536926","17.209191481795006","144"
"1","270","500","5","5","3.2","200","20","true","true","""-1879142277""","76","200","132.15169660678643","13.034452121810409","146"
"1","271","500","5","5","1.4000000000000001","200","20","true","false","""-223287271""","48","200","158.15169660678643","35.1997292903761","200"
"1","272","500","5","5","1.4000000000000001","200","20","true","false","""-1092157949""","48","200","183.84630738522955","28.478102663929526","200"
"1","273","500","5","5","1.4000000000000001","200","20","true","false","""-1362564495""","61","200","181.36526946107784","29.69168758048685","200"
"1","274","500","5","5","1.4000000000000001","200","20","true","false","""890018821""","38","200","178.28542914171658","36.14521223157328","200"
"1","275","500","5","5","1.4000000000000001","200","20","true","false","""1673451162""","50","200","167.57085828343313","30.726429487688186","200"
"1","276","500","5","5","1.4000000000000001","200","20","true","false","""-1087639261""","58","200","165.33532934131736","36.48280868219045","200"
"1","277","500","5","5","1.4000000000000001","200","20","true","false","""1517129248""","49","200","167.51497005988023","28.66346586596089","200"
"1","278","500","5","5","1.4000000000000001","200","20","true","false","""814877119""","35","200","177.9560878243513","37.682649427346156","200"
"1","279","500","5","5","1.4000000000000001","200","20","true","false","""-2046534606""","29","200","147.22355289421156","20.633126863170702","183"
"1","280","500","5","5","1.4000000000000001","200","20","true","false","""847639786""","49","200","148.55888223552896","29.009912546371172","200"
"1","281","500","5","5","3.0000000000000004","200","20","true","true","""-1141466801""","61","200","132.16367265469063","15.238541849029737","154"
"1","282","500","5","5","3.0000000000000004","200","20","true","true","""-351761443""","52","200","133.50499001996008","18.8433138022456","137"
"1","283","500","5","5","3.0000000000000004","200","20","true","true","""-738306862""","75","200","130.00199600798402","13.303307709287337","129"
"1","284","500","5","5","3.0000000000000004","200","20","true","true","""1759249273""","57","200","128.07784431137725","16.503209631575086","154"
"1","285","500","5","5","3.0000000000000004","200","20","true","true","""943582957""","86","200","131.00199600798402","10.855505331765254","161"
"1","286","500","5","5","3.0000000000000004","200","20","true","true","""898741812""","60","200","148.7804391217565","17.158778995219517","152"
"1","287","500","5","5","3.0000000000000004","200","20","true","true","""1076821997""","64","200","124.187624750499","13.32549160619999","126"
"1","288","500","5","5","3.0000000000000004","200","20","true","true","""-1032359174""","75","200","128.9241516966068","16.36857463339256","135"
"1","289","500","5","5","3.0000000000000004","200","20","true","true","""388649636""","69","200","136.58283433133732","12.42624741225198","142"
"1","290","500","5","5","3.0000000000000004","200","20","true","true","""1539562275""","55","200","128.22754491017963","11.787286361180819","147"
"1","291","500","5","5","3.8000000000000003","200","20","true","true","""1620964445""","74","200","137.20159680638722","16.24503854858799","132"
"1","292","500","5","5","3.8000000000000003","200","20","true","true","""1042991214""","61","200","133.80239520958085","17.847321206598405","126"
"1","293","500","5","5","3.8000000000000003","200","20","true","true","""-1194407327""","64","200","136.91616766467067","13.609296751993917","127"
"1","294","500","5","5","3.8000000000000003","200","20","true","true","""-1880930716""","66","200","128.32934131736528","15.383280448762203","146"
"1","295","500","5","5","3.8000000000000003","200","20","true","true","""-872538299""","61","200","130.23952095808383","20.265007154453702","192"
"1","296","500","5","5","3.8000000000000003","200","20","true","true","""-248655245""","72","200","129.6546906187625","14.862117041461216","114"
"1","297","500","5","5","3.8000000000000003","200","20","true","true","""1791035378""","70","200","134.82834331337327","17.790179174193277","147"
"1","298","500","5","5","3.8000000000000003","200","20","true","true","""-1211532555""","65","200","141.07984031936127","16.200667047206764","147"
"1","299","500","5","5","3.8000000000000003","200","20","true","true","""-1316362693""","68","200","133.48502994011977","15.684332164587104","144"
"1","300","500","5","5","3.8000000000000003","200","20","true","true","""783183752""","65","200","137.70259481037925","14.944610174022376","130"
"1","301","500","5","5","3.2","200","20","true","false","""-1541327202""","37","200","173.13373253493015","29.93787032907189","200"
"1","302","500","5","5","3.2","200","20","true","false","""669972362""","49","200","174.2574850299401","33.199089880029284","200"
"1","303","500","5","5","3.2","200","20","true","false","""-1746149888""","34","200","175.9680638722555","32.407822790862056","200"
"1","304","500","5","5","3.2","200","20","true","false","""1471220960""","45","200","159.85828343313372","32.38255512228","200"
"1","305","500","5","5","3.2","200","20","true","false","""-2095395426""","29","200","163.48303393213573","35.10587146869934","200"
"1","306","500","5","5","3.2","200","20","true","false","""-1425650702""","60","200","171.0439121756487","35.066537722795935","200"
"1","307","500","5","5","3.2","200","20","true","false","""483479950""","57","200","177.48502994011977","34.79526225578864","200"
"1","308","500","5","5","3.2","200","20","true","false","""2048110069""","60","200","142.31736526946108","21.459475246247546","180"
"1","309","500","5","5","3.2","200","20","true","false","""1445603242""","38","200","176.88423153692614","37.815163239873414","200"
"1","310","500","5","5","3.2","200","20","true","false","""170575594""","43","200","152.33932135728543","34.00736141982402","200"
"1","311","500","5","5","3.0000000000000004","200","20","true","false","""-1234988556""","51","200","186.65069860279442","28.65867660083053","200"
"1","312","500","5","5","3.0000000000000004","200","20","true","false","""492489859""","45","200","176.313373253493","30.918790416159716","200"
"1","313","500","5","5","3.0000000000000004","200","20","true","false","""220416539""","55","200","160.4550898203593","37.03091247919661","200"
"1","314","500","5","5","3.0000000000000004","200","20","true","false","""1108432327""","56","200","155.74051896207584","35.209892571976646","200"
"1","315","500","5","5","3.0000000000000004","200","20","true","false","""-1973944990""","57","200","164.91816367265469","34.5813141656179","200"
"1","316","500","5","5","3.0000000000000004","200","20","true","false","""2008053568""","59","200","142.11776447105788","23.764597698938946","125"
"1","317","500","5","5","3.0000000000000004","200","20","true","false","""237418572""","58","200","145.89820359281438","20.340885348638732","148"
"1","318","500","5","5","3.0000000000000004","200","20","true","false","""1886239831""","58","200","152.68263473053892","34.84045174569793","200"
"1","319","500","5","5","3.0000000000000004","200","20","true","false","""-1005237303""","54","200","160.04590818363275","30.439840476315787","200"
"1","320","500","5","5","3.0000000000000004","200","20","true","false","""-1449624773""","43","200","172.30538922155688","29.257145296460628","200"
